{
  "selected_threshold": 0.1,
  "cost_matrix": {
    "mode": "amount_aware",
    "c_fn_fraction_of_amount": 1.0,
    "c_fp_flat": 5.0
  },
  "validation": {
    "total_cost": 6680.119999999999,
    "cost_per_txn": 0.030051644713164898,
    "precision": 0.8306789606035205,
    "recall": 0.957487922705314,
    "confusion": {
      "tp": 991,
      "fp": 202,
      "fn": 44,
      "tn": 221051
    }
  },
  "test": {
    "threshold": 0.1,
    "total_cost": 46108.03,
    "cost_per_txn": 0.12445517829620573,
    "precision": 0.9932546374367622,
    "recall": 0.8732394366197183,
    "tp": 1178,
    "fp": 8,
    "fn": 171,
    "tn": 369122
  },
  "test_flat_cost": {
    "flat_total_cost": 17140.0,
    "flat_cost_per_txn": 0.046264430642492554,
    "flat_fn": 171,
    "flat_fp": 8
  }
}