approach,train_rows,pr_auc,roc_auc,precision,recall,recall@p90
class_weight (spw=172.3),1259627,0.9614119826115916,0.9989211904242091,0.7297496318114874,0.957487922705314,0.927536231884058
smotetomek (strategy=0.1),1376304,0.9602340493376993,0.9992141114776446,0.9491701244813278,0.8840579710144928,0.9130434782608695
smote (strategy=0.1),1377596,0.9601106144062849,0.9991167127600945,0.9582027168234065,0.8859903381642512,0.9120772946859903
